"都道府県名","市町村名","平均所得"
"東京都","港区",11631584
"東京都","千代田区",10056536
"東京都","渋谷区",8855483
"東京都","中央区",6843638
"兵庫県","芦屋市",652842
"東京都","目黒区",6361652
"東京都","文京区",6211041
"東京都","世田谷区",5653167
"東京都","新宿区",5555123
"福島県","川内村",5533609
"東京都","武蔵野市",5404433
"北海道","猿払村",5311491
"東京都","品川区",5052426
"山梨県","忍野村",4935692
"神奈川県","鎌倉市",4706410
"東京都","杉並区",4695873
"東京都","豊島区",4604990
"千葉県","浦安市",4578541
"東京都","国立市",453906
"東京都","三鷹市",4507931
"神奈川県","葉山町",4502377
"東京都","江東区",4479761
"愛知県","長久手市",4435658
"東京都","台東区",4417608
"東京都","国分寺市",4408417
"神奈川県","逗子市",4364009
"兵庫県","西宮市",4351786
"東京都","大田区",4327346
"愛知県","みよし市",4283730
"大阪府","箕面市",4282304
"東京都","小金井市",4276365
"大阪府","豊中市",425342
"愛知県","日進市",4235336
"東京都","中野区",4216755
"東京都","調布市",4214877
"大阪府","吹田市",4195443
"東京都","練馬区",4189125
"北海道","安平町",4187387
"長野県","軽井沢町",4179720
"兵庫県","宝塚市",4147926
"神奈川県","横浜市",4093623
"奈良県","生駒市",409963
"神奈川県","川崎市",4078392
"愛知県","名古屋市",4062661
"茨城県","つくば市",4061104
"東京都","稲城市",4054016
"神奈川県","藤沢市",4048919
"東京都","小笠原村",4035540
"千葉県","流山市",4014687
"千葉県","千葉市",4007177
"愛知県","大府市",3995505
"愛知県","刈谷市",3994354
"神奈川県","大磯町",3981201
"北海道","更別村",3974385
"埼玉県","さいたま市",3956730
"広島県","東広島市",395217
"北海道","士幌町",3946215
"東京都","墨田区",3935175
"東京都","小平市",3934455
"東京都","狛江市",3918530
"茨城県","守谷市",3897998
"千葉県","市川市",3894886
"東京都","府中市",3894617
"東京都","町田市",3885617
"福島県","大熊町",388594
"愛知県","安城市",3871192
"大阪府","池田市",387853
"静岡県","長泉町",3867409
"千葉県","習志野市",3863418
"東京都","青ヶ島村",3858419
"東京都","西東京市",3856104
"京都府","精華町",3846122
"埼玉県","和光市",3825052
"三重県","朝日町",3815899
"北海道","佐呂間町",3811548
"北海道","枝幸町",381360
"北海道","興部町",3803243
"神奈川県","茅ヶ崎市",3796984
"東京都","荒川区",379837
"奈良県","広陵町",3784516
"千葉県","印西市",3784413
"愛知県","豊田市",3782610
"東京都","立川市",3781215
"東京都","北区",3776410
"埼玉県","朝霞市",3756665
"愛知県","東郷町",3753053
"北海道","浜頓別町",3747791
"愛知県","知立市",3727254
"埼玉県","志木市",3725666
"京都府","京田辺市",3716178
"栃木県","下野市",3715747
"東京都","多摩市",3713712
"東京都","日野市",3713186
"愛知県","岡崎市",3709716
"東京都","江戸川区",3709535
"奈良県","奈良市",3706377
"埼玉県","戸田市",3701641
"千葉県","柏市",3688160
"大阪府","茨木市",3687529
"東京都","板橋区",3685288
"奈良県","香芝市",3681169
"兵庫県","神戸市",3673814
"愛知県","大口町",3671312
"千葉県","船橋市",366414
"神奈川県","海老名市",3655423
"北海道","斜里町",3652360
"秋田県","大潟村",365156
"京都府","長岡京市",3642474
"京都府","京都市",3634564
"滋賀県","草津市",3632052
"愛知県","西尾市",3624960
"北海道","別海町",3616124
"愛知県","尾張旭市",3612898
"東京都","東久留米市",3609528
"大阪府","大阪狭山市",3592909
"滋賀県","栗東市",3592197
"北海道","豊頃町",3591993
"愛知県","東浦町",3591300
"北海道","鹿追町",35935
"三重県","桑名市",3584850
"神奈川県","開成町",3583726
"兵庫県","三田市",3582362
"埼玉県","三芳町",3577369
"福岡県","新宮町",3575741
"山梨県","昭和町",3569711
"愛知県","豊明市",3567080
"滋賀県","大津市",3564908
"愛知県","東海市",3563281
"福岡県","福岡市",35672
"東京都","八王子市",3559825
"千葉県","白井市",3553666
"京都府","向日市",3552719
"兵庫県","伊丹市",3551484
"滋賀県","守山市",3548519
"奈良県","王寺町",3543180
"愛知県","飛島村",3542448
"千葉県","八千代市",3537508
"愛知県","幸田町",3536327
"東京都","葛飾区",3533351
"愛知県","碧南市",3531712
"愛知県","半田市",3528698
"千葉県","我孫子市",3525263
"茨城県","東海村",352508
"埼玉県","所沢市",3515269
"北海道","雄武町",3511931
"大阪府","交野市",3509616
"福島県","富岡町",3508550
"愛知県","春日井市",3506847
"奈良県","河合町",3506388
"神奈川県","大和市",3506327
"三重県","四日市市",3504712
"千葉県","松戸市",3504496
"東京都","東大和市",3502529
"栃木県","宇都宮市",3502245
"大阪府","高槻市",3501781
"東京都","東村山市",3501720
"埼玉県","川口市",3497885
"岐阜県","岐阜市",3493717
"埼玉県","ふじみ野市",3492906
"静岡県","三島市",3491748
"東京都","清瀬市",3489786
"広島県","広島市",3487826
"千葉県","佐倉市",3484783
"神奈川県","厚木市",3478439
"神奈川県","伊勢原市",3477700
"兵庫県","川西市",3475062
"愛知県","北名古屋市",3474700
"東京都","足立区",3471927
"宮城県","仙台市",3469241
"京都府","木津川市",3464251
"大阪府","高石市",3462965
"大阪府","島本町",3461037
"埼玉県","白岡市",3451242
"愛知県","高浜市",3447355
"大阪府","大阪市",3446755
"埼玉県","越谷市",3443534
"埼玉県","新座市",3443057
"茨城県","水戸市",3441703
"大阪府","堺市",3441481
"茨城県","牛久市",3433543
"大阪府","枚方市",343776
"神奈川県","二宮町",343236
"宮城県","富谷市",3428026
"愛知県","阿久比町",3423942
"大阪府","藤井寺市",3422161
"埼玉県","富士見市",342944
"広島県","府中町",3418584
"大阪府","富田林市",3417026
"神奈川県","相模原市",3416802
"石川県","金沢市",3414112
"北海道","訓子府町",3407939
"神奈川県","平塚市",3403528
"愛知県","清須市",3401626
"兵庫県","姫路市",3396436
"愛知県","豊橋市",3393719
"群馬県","高崎市",3392914
"埼玉県","草加市",3391830
"東京都","昭島市",3386025
"埼玉県","蕨市",3385825
"埼玉県","川越市",3385651
"大阪府","八尾市",3384511
"埼玉県","三郷市",3383824
"千葉県","四街道市",3382788
"福岡県","大野城市",3379347
"福岡県","春日市",3377107
"山梨県","富士河口湖町",3376465
"滋賀県","野洲市",3373862
"愛知県","江南市",3369651
"東京都","三宅村",3367357
"愛知県","豊山町",3364402
"愛知県","知多市",3361998
"愛知県","小牧市",336909
"埼玉県","上尾市",3357921
"大阪府","和泉市",3356923
"北海道","神恵内村",3354825
"千葉県","木更津市",3351378
"兵庫県","猪名川町",3351325
"北海道","音威子府村",335338
"山梨県","鳴沢村",3348161
"愛知県","一宮市",3347446
"北海道","中札内村",3347007
"静岡県","浜松市",3346802
"沖縄県","嘉手納町",3346326
"東京都","利島村",3345760
"徳島県","徳島市",3345684
"高知県","北川村",3342668
"東京都","羽村市",334906
"茨城県","つくばみらい市",3339822
"愛知県","稲沢市",3339524
"埼玉県","吉川市",3336788
"兵庫県","明石市",3336397
"神奈川県","小田原市",3334504
"愛知県","岩倉市",3332598
"奈良県","斑鳩町",3331781
"茨城県","ひたちなか市",333544
"北海道","上士幌町",3327525
"三重県","鈴鹿市",3326680
"愛知県","蟹江町",3324008
"埼玉県","八潮市",3323643
"三重県","菰野町",3323088
"沖縄県","北谷町",3314748
"北海道","倶知安町",3313972
"福井県","鯖江市",3313964
"沖縄県","那覇市",3313917
"愛知県","弥富市",3311059
"北海道","幌延町",331621
"長野県","松本市",3309324
"福島県","双葉町",3306181
"愛知県","扶桑町",3306129
"三重県","川越町",3306028
"和歌山県","和歌山市",3305899
"茨城県","神栖市",3304648
"岡山県","岡山市",3304435
"兵庫県","上郡町",3303929
"北海道","礼文町",3303194
"岐阜県","岐南町",3301143
"愛知県","あま市",330948
"愛知県","瀬戸市",3299758
"栃木県","高根沢町",3298051
"群馬県","前橋市",3296829
"静岡県","静岡市",3296787
"三重県","津市",3295727
"長崎県","長与町",3294737
"愛知県","美浜町",3291667
"埼玉県","蓮田市",329613
"岐阜県","大垣市",3287475
"香川県","宇多津町",3286966
"埼玉県","伊奈町",3286576
"千葉県","鎌ケ谷市",3279951
"静岡県","清水町",3279607
"岐阜県","各務原市",3278693
"千葉県","袖ケ浦市",3278032
"北海道","標津町",3273452
"静岡県","裾野市",3273258
"香川県","高松市",3272521
"北海道","清里町",3271776
"北海道","稚内市",3269629
"北海道","鶴居村",3268967
"熊本県","菊陽町",3268735
"埼玉県","桶川市",3267973
"沖縄県","与那国町",3267631
"香川県","直島町",3263607
"北海道","幌加内町",3262494
"神奈川県","座間市",3261914
"山梨県","甲府市",3261738
"埼玉県","鶴ヶ島市",3258555
"兵庫県","高砂市",3258191
"愛知県","豊川市",3258063
"徳島県","北島町",3256132
"大阪府","熊取町",3254333
"奈良県","橿原市",3254032
"大阪府","四條畷市",3252699
"愛知県","武豊町",3251371
"茨城県","日立市",3251044
"京都府","宇治市",325828
"北海道","浜中町",325176
"石川県","野々市市",3248394
"岐阜県","笠松町",3245973
"埼玉県","熊谷市",3244969
"千葉県","成田市",3244234
"北海道","湧別町",3244003
"鹿児島県","三島村",3241335
"栃木県","小山市",324959
"福岡県","太宰府市",324925
"北海道","芽室町",3237840
"大阪府","泉大津市",3237694
"奈良県","平群町",3236964
"京都府","大山崎町",3235795
"愛知県","大治町",3235632
"三重県","東員町",3233749
"青森県","六ヶ所村",3231544
"福井県","福井市",3228964
"神奈川県","横須賀市",3228200
"埼玉県","滑川町",3225855
"福島県","楢葉町",3223760
"埼玉県","鴻巣市",3222022
"沖縄県","北大東村",3221299
"静岡県","富士市",3221096
"愛知県","蒲郡市",322548
"宮城県","女川町",32255
"愛知県","常滑市",3218318
"茨城県","土浦市",3218316
"群馬県","太田市",3218144
"兵庫県","尼崎市",3217502
"愛知県","犬山市",3217497
"熊本県","熊本市",3216880
"千葉県","市原市",3216704
"大阪府","柏原市",3215906
"大阪府","羽曳野市",3215358
"岐阜県","瑞穂市",3215319
"神奈川県","秦野市",3215235
"岐阜県","多治見市",321961
"福岡県","筑紫野市",3208097
"山口県","下松市",3207345
"埼玉県","北本市",3207315
"神奈川県","綾瀬市",3207073
"大阪府","河内長野市",3206756
"富山県","舟橋村",3205380
"福岡県","久留米市",3205063
"山口県","周南市",3202552
"大阪府","摂津市",320791
"北海道","厚真町",320183
"長野県","長野市",3199981
"静岡県","沼津市",3199851
"奈良県","三郷町",3198458
"埼玉県","久喜市",3198118
"大阪府","東大阪市",3196413
"埼玉県","入間市",3196127
"兵庫県","加古川市",3196014
"東京都","あきる野市",3195260
"鹿児島県","十島村",3195144
"宮城県","名取市",319919
"静岡県","熱海市",319673
"大阪府","太子町",3188923
"沖縄県","北中城村",3188653
"神奈川県","寒川町",3186998
"北海道","標茶町",3186427
"北海道","札幌市",3186221
"静岡県","御殿場市",3184622
"岐阜県","羽島市",3183834
"富山県","富山市",3183249
"滋賀県","彦根市",3182663
"茨城県","鹿嶋市",3178153
"岩手県","盛岡市",3178102
"大阪府","豊能町",3175510
"山梨県","山中湖村",3174126
"北海道","天塩町",3171742
"東京都","青梅市",3171365
"埼玉県","坂戸市",317740
"埼玉県","狭山市",3169306
"愛知県","津島市",3169231
"静岡県","湖西市",3169230
"栃木県","上三川町",3166492
"大阪府","貝塚市",3165126
"奈良県","葛城市",3164535
"石川県","能美市",3164366
"埼玉県","飯能市",3162847
"北海道","本別町",316507
"東京都","武蔵村山市",316370
"兵庫県","太子町",3159661
"福井県","敦賀市",3157175
"大阪府","泉佐野市",3155565
"福岡県","北九州市",3154229
"宮城県","利府町",3151836
"愛知県","愛西市",3151788
"滋賀県","近江八幡市",3151753
"長野県","諏訪市",3151216
"北海道","清水町",3151017
"茨城県","取手市",3149444
"京都府","八幡市",3147286
"福岡県","粕屋町",3146271
"静岡県","藤枝市",3145919
"北海道","大空町",3145611
"三重県","いなべ市",3144701
"埼玉県","東松山市",3138171
"山形県","山形市",3136510
"大阪府","守口市",3136278
"兵庫県","播磨町",3136026
"沖縄県","南大東村",3134861
"佐賀県","佐賀市",3132511
"愛知県","田原市",313770
"山口県","宇部市",3129934
"岐阜県","北方町",3129579
"岡山県","倉敷市",3127985
"埼玉県","春日部市",3127602
"大阪府","寝屋川市",3127153
"三重県","亀山市",3126982
"静岡県","小山町",3126849
"大阪府","岸和田市",3126798
"東京都","瑞穂町",3125226
"広島県","海田町",3125122
"福島県","広野町",3119684
"福岡県","久山町",3118499
"栃木県","壬生町",3118337
"福島県","いわき市",3116810
"北海道","大樹町",3116703
"福井県","高浜町",3116350
"福岡県","小郡市",3115730
"茨城県","龍ケ崎市",3114562
"愛媛県","松山市",3114529
"広島県","呉市",3112263
"大分県","大分市",3111687
"東京都","御蔵島村",3111411
"北海道","中川町",3111068
"福島県","福島市",311592
"広島県","廿日市市",311583
"群馬県","館林市",311307
"千葉県","君津市",3106613
"北海道","利尻町",3106039
"山梨県","甲斐市",3105995
"静岡県","掛川市",3105458
"岐阜県","可児市",3104723
"茨城県","美浦村",3101549
"北海道","足寄町",3101189
"大阪府","田尻町",3097732
"福島県","浪江町",3097235
"千葉県","大網白里市",3096306
"山口県","山口市",3096002
"福岡県","志免町",3095953
"奈良県","上牧町",3095889
"山梨県","中央市",3095670
"埼玉県","杉戸町",3095568
"京都府","久御山町",3095168
"東京都","福生市",3094316
"茨城県","阿見町",3094185
"北海道","初山別村",3093503
"大阪府","河南町",3088608
"北海道","留寿都村",3088596
"北海道","浦幌町",3088492
"千葉県","芝山町",3087981
"福岡県","宗像市",3087765
"栃木県","さくら市",3084459
"神奈川県","大井町",3082933
"福岡県","那珂川市",3082529
"静岡県","袋井市",3082184
"福岡県","福津市",3081741
"東京都","神津島村",3079280
"千葉県","野田市",3079198
"福島県","郡山市",3077530
"山梨県","富士吉田市",3076904
"北海道","陸別町",3076492
"愛媛県","東温市",3074522
"北海道","福島町",3072848
"静岡県","磐田市",307333
"愛媛県","新居浜市",3069654
"山口県","光市",3069421
"広島県","福山市",3069032
"北海道","松前町",3067512
"北海道","音更町",3063617
"北海道","羅臼町",3062594
"大阪府","松原市",3061549
"神奈川県","松田町",306808
"奈良県","大和郡山市",306686
"北海道","苫前町",306537
"北海道","弟子屈町",30680
"奈良県","田原本町",3059191
"大阪府","大東市",3058603
"岡山県","早島町",3057507
"埼玉県","深谷市",3056963
"北海道","紋別市",3051518
"神奈川県","南足柄市",3051449
"神奈川県","三浦市",305977
"三重県","松阪市",305636
"北海道","ニセコ町",305549
"滋賀県","米原市",305186
"北海道","網走市",3048958
"埼玉県","日高市",3048767
"鹿児島県","鹿児島市",3048604
"北海道","中標津町",3048007
"兵庫県","赤穂市",3047173
"岐阜県","白川村",3046363
"北海道","奥尻町",3046135
"長野県","塩尻市",3045169
"埼玉県","宮代町",3044903
"神奈川県","中井町",3043714
"岐阜県","美濃加茂市",3042410
"滋賀県","竜王町",3042400
"三重県","伊勢市",3041091
"群馬県","伊勢崎市",3039698
"沖縄県","浦添市",3039627
"和歌山県","みなべ町",3039570
"鹿児島県","宇検村",3038905
"石川県","小松市",3038202
"奈良県","桜井市",3036946
"長野県","下諏訪町",3036507
"東京都","大島町",3034338
"徳島県","阿南市",3033876
"北海道","帯広市",3032245
"北海道","共和町",30359
"千葉県","一宮町",3029404
"大阪府","阪南市",3029261
"高知県","高知市",3027756
"長野県","岡谷市",3027480
"福島県","相馬市",3023646
"北海道","広尾町",3022541
"佐賀県","鳥栖市",3022360
"和歌山県","海南市",3022284
"兵庫県","たつの市",302490
"長野県","御代田町",3019834
"北海道","美瑛町",3018435
"群馬県","吉岡町",3018140
"北海道","日高町",3014860
"長野県","山形村",3014833
"北海道","泊村",3014489
"埼玉県","羽生市",3014431
"北海道","浦河町",3012348
"和歌山県","岩出市",3012320
"埼玉県","本庄市",3012106
"新潟県","新潟市",3011560
"京都府","亀岡市",3009213
"奈良県","川西町",3008074
"滋賀県","東近江市",3007311
"岐阜県","関市",3007038
"栃木県","芳賀町",3004972
"大阪府","忠岡町",3003308
"広島県","坂町",3003051
"北海道","東神楽町",3002933
"愛知県","南知多町",3002019
"長野県","原村",3001790
"静岡県","焼津市",300906
"熊本県","合志市",300889
"兵庫県","加西市",300587
"滋賀県","湖南市",2999856
"岐阜県","富加町",2999264
"長野県","宮田村",2999200
"福岡県","苅田町",2998703
"愛媛県","今治市",2997676
"徳島県","松茂町",2997443
"静岡県","富士宮市",2997436
"千葉県","酒々井町",2996510
"東京都","新島村",2996218
"北海道","雨竜町",2995277
"岐阜県","本巣市",2993525
"福岡県","糸島市",2993096
"山口県","岩国市",2991532
"北海道","平取町",2991495
"青森県","三沢市",2991464
"三重県","名張市",2991153
"宮城県","多賀城市",29955
"沖縄県","中城村",2988144
"岐阜県","安八町",2987621
"奈良県","明日香村",2986794
"栃木県","那須塩原市",2986771
"兵庫県","稲美町",2985278
"北海道","小清水町",2984563
"福島県","白河市",2982427
"千葉県","茂原市",2982160
"長野県","坂城町",2981084
"石川県","川北町",2981057
"広島県","尾道市",298756
"北海道","置戸町",298342
"茨城県","古河市",298324
"北海道","厚岸町",298306
"神奈川県","清川村",29830
"北海道","新冠町",2979993
"栃木県","野木町",2979937
"滋賀県","長浜市",2979892
"埼玉県","松伏町",2979217
"福岡県","古賀市",2978146
"埼玉県","行田市",2976138
"静岡県","函南町",2976117
"埼玉県","加須市",2975082
"島根県","松江市",2974815
"宮崎県","宮崎市",2974369
"静岡県","島田市",2974054
"鳥取県","日吉津村",2973386
"福島県","南相馬市",2972293
"青森県","大間町",2972162
"秋田県","秋田市",2971042
"京都府","城陽市",2969853
"石川県","内灘町",2969500
"福井県","美浜町",2969062
"山口県","防府市",2968059
"北海道","北竜町",2967147
"長崎県","長崎市",2966148
"群馬県","安中市",2964998
"京都府","舞鶴市",2964878
"香川県","丸亀市",2962741
"広島県","大竹市",2962585
"北海道","新篠津村",2962241
"滋賀県","多賀町",2962002
"北海道","滝上町",2961252
"北海道","室蘭市",2959719
"群馬県","富岡市",2959696
"栃木県","足利市",2959495
"北海道","仁木町",2958777
"大阪府","門真市",2958282
"北海道","北見市",2958116
"山口県","和木町",2958015
"山梨県","韮崎市",2957639
"兵庫県","三木市",2955498
"北海道","千歳市",2955334
"兵庫県","福崎町",2955040
"静岡県","伊豆の国市",2954511
"石川県","白山市",2953292
"長野県","佐久市",2951676
"徳島県","那賀町",2951210
"宮城県","岩沼市",2951143
"富山県","射水市",295462
"富山県","黒部市",295376
"滋賀県","甲賀市",29589
"長野県","箕輪町",2949989
"京都府","井手町",2948612
"栃木県","佐野市",2947825
"茨城県","かすみがうら市",2947006
"香川県","坂出市",2946899
"愛媛県","四国中央市",2946430
"奈良県","天理市",2945660
"栃木県","栃木市",2945416
"岐阜県","垂井町",2944094
"滋賀県","愛荘町",2943673
"北海道","士別市",2943407
"北海道","妹背牛町",2943340
"奈良県","大和高田市",2942700
"京都府","宇治田原町",2942550
"長野県","南箕輪村",2942084
"岡山県","里庄町",2941742
"岐阜県","大野町",294937
"北海道","遠別町",294675
"熊本県","嘉島町",29433
"山梨県","道志村",2939359
"長野県","駒ヶ根市",2938981
"北海道","池田町",2937395
"熊本県","大津町",2936341
"北海道","苫小牧市",2935788
"長崎県","対馬市",2935526
"和歌山県","有田市",2935489
"和歌山県","有田川町",2934592
"徳島県","藍住町",2934486
"大阪府","岬町",2934332
"北海道","島牧村",2934000
"東京都","日の出町",2933187
"岐阜県","池田町",2933004
"群馬県","昭和村",2931821
"長野県","上田市",2931332
"奈良県","御所市",293314
"兵庫県","相生市",293101
"静岡県","吉田町",2927788
"栃木県","大田原市",2926911
"北海道","西興部村",2926884
"埼玉県","幸手市",2926525
"北海道","津別町",2924597
"長野県","伊那市",2923760
"北海道","えりも町",2923673
"長野県","茅野市",2923556
"東京都","八丈町",2923288
"和歌山県","橋本市",2922071
"北海道","新得町",2919879
"鳥取県","米子市",2919553
"山口県","下関市",2919410
"栃木県","真岡市",2919137
"岩手県","北上市",2918675
"山梨県","上野原市",2918541
"福岡県","岡垣町",2918458
"岐阜県","美濃市",2917586
"京都府","福知山市",2916398
"奈良県","十津川村",2915653
"福岡県","行橋市",2914158
"富山県","高岡市",2914079
"福井県","おおい町",2913820
"群馬県","板倉町",291536
"石川県","津幡町",2909348
"兵庫県","加東市",2909345
"北海道","幕別町",2909325
"滋賀県","日野町",2909213
"沖縄県","宜野湾市",2909194
"長野県","安曇野市",2908353
"北海道","寿都町",2907182
"岐阜県","神戸町",2904997
"山梨県","小菅村",2904646
"北海道","中富良野町",2903927
"群馬県","桐生市",2903754
"栃木県","鹿沼市",2903382
"千葉県","東金市",2902929
"群馬県","嬬恋村",2902401
"栃木県","市貝町",2902027
"奈良県","三宅町",2901542
"沖縄県","豊見城市",290615
"福岡県","篠栗町",290411
"茨城県","石岡市",2898763
"福井県","越前市",2898042
"北海道","根室市",2897921
"福井県","永平寺町",2897902
"富山県","滑川市",2895862
"三重県","伊賀市",2895712
"群馬県","みどり市",2895335
"埼玉県","川島町",2895102
"新潟県","長岡市",2893799
"茨城県","那珂市",2893738
"三重県","明和町",2893590
"岐阜県","川辺町",2893557
"静岡県","菊川市",2893275
"茨城県","潮来市",2892715
"新潟県","刈羽村",2892467
"長崎県","大村市",2891287
"山梨県","南アルプス市",289533
"岐阜県","土岐市",2888108
"徳島県","鳴門市",2887262
"山口県","柳井市",2886375
"北海道","京極町",2886068
"群馬県","玉村町",2883955
"千葉県","富里市",2883855
"北海道","沼田町",2883160
"和歌山県","北山村",2882908
"三重県","玉城町",2882336
"愛知県","新城市",288897
"沖縄県","沖縄市",288841
"北海道","遠軽町",288838
"富山県","砺波市",288243
"静岡県","御前崎市",28816
"神奈川県","真鶴町",2879799
"北海道","江差町",2879558
"茨城県","結城市",2878954
"群馬県","明和町",2878713
"神奈川県","愛川町",2878071
"群馬県","榛東村",2877550
"北海道","函館市",2877370
"岐阜県","中津川市",2877265
"福井県","坂井市",2877070
"岐阜県","輪之内町",2877003
"長野県","飯田市",2876692
"岐阜県","海津市",2876476
"広島県","三原市",2875921
"長野県","南牧村",2875214
"千葉県","東庄町",2874679
"岐阜県","瑞浪市",2874628
"熊本県","益城町",2874419
"新潟県","上越市",2874081
"山梨県","富士川町",2873987
"北海道","新ひだか町",2873094
"福井県","小浜市",2872833
"宮城県","大和町",2871200
"北海道","長沼町",2871052
"長野県","飯島町",287373
"山梨県","山梨市",287243
"北海道","名寄市",2869886
"山梨県","西桂町",2869234
"群馬県","邑楽町",2868977
"長野県","小布施町",2868842
"兵庫県","小野市",2868797
"高知県","大川村",2868258
"群馬県","長野原町",2868201
"香川県","観音寺市",2868075
"広島県","熊野町",2867810
"埼玉県","毛呂山町",2866910
"北海道","むかわ町",2866895
"千葉県","旭市",2866879
"富山県","魚津市",2865368
"北海道","蘭越町",2865253
"北海道","中頓別町",2865023
"岐阜県","八百津町",2864185
"千葉県","栄町",2863674
"和歌山県","御坊市",2862645
"岡山県","総社市",286761
"埼玉県","越生町",2859879
"福岡県","須恵町",2859658
"千葉県","富津市",2859355
"岐阜県","関ケ原町",2859315
"岐阜県","山県市",2859065
"北海道","新十津川町",2858345
"北海道","北広島市",2857942
"島根県","隠岐の島町",2857520
"岐阜県","恵那市",2857418
"長野県","須坂市",2857304
"埼玉県","嵐山町",2857141
"和歌山県","日高町",2856869
"群馬県","渋川市",2856852
"山梨県","都留市",2856357
"岐阜県","坂祝町",2854863
"山梨県","甲州市",2854366
"茨城県","行方市",2854036
"岐阜県","御嵩町",2853483
"岐阜県","養老町",2853469
"大阪府","泉南市",2851498
"香川県","三木町",2851244
"埼玉県","鳩山町",285792
"青森県","八戸市",2849252
"岡山県","津山市",2849091
"北海道","豊富町",2848861
"島根県","出雲市",2848078
"神奈川県","山北町",2847996
"北海道","厚沢部町",2847607
"福岡県","飯塚市",2846327
"神奈川県","湯河原町",2845537
"兵庫県","丹波篠山市",2845414
"千葉県","香取市",2844088
"茨城県","常総市",2843388
"宮城県","石巻市",2843023
"岐阜県","高山市",2842302
"新潟県","三条市",2841609
"埼玉県","長瀞町",2841551
"兵庫県","西脇市",2841168
"福島県","会津若松市",284772
"茨城県","筑西市",284677
"愛媛県","西条市",2839832
"大分県","津久見市",2839499
"長野県","高森町",2837989
"兵庫県","洲本市",2837815
"山梨県","大月市",2837767
"鹿児島県","霧島市",2837706
"埼玉県","吉見町",2837619
"茨城県","五霞町",2837358
"東京都","奥多摩町",2836732
"沖縄県","宮古島市",2835289
"北海道","旭川市",2835203
"埼玉県","秩父市",2835080
"北海道","利尻富士町",2834327
"大分県","中津市",2834019
"北海道","南幌町",2833836
"茨城県","境町",2833182
"山形県","南陽市",2832916
"北海道","砂川市",2832636
"山形県","新庄市",2831845
"長野県","松川村",2831388
"北海道","八雲町",283643
"群馬県","千代田町",2829875
"北海道","下川町",2829746
"和歌山県","美浜町",2828521
"徳島県","小松島市",2828110
"長崎県","時津町",2827784
"群馬県","沼田市",2826940
"佐賀県","吉野ヶ里町",2826176
"埼玉県","横瀬町",2826100
"和歌山県","紀の川市",2825898
"長野県","千曲市",2825594
"茨城県","常陸太田市",2825549
"愛媛県","松前町",2825284
"佐賀県","基山町",2825056
"千葉県","神崎町",2825022
"福岡県","筑後市",2824992
"千葉県","匝瑳市",2824654
"茨城県","八千代町",2824531
"北海道","美幌町",2824477
"千葉県","銚子市",2824171
"奈良県","高取町",2824119
"奈良県","大淀町",2823706
"福岡県","芦屋町",2822992
"奈良県","野迫川村",2822936
"茨城県","北茨城市",2822730
"福島県","西郷村",2822454
"山梨県","北杜市",2822415
"北海道","恵庭市",2822252
"長崎県","諫早市",2821876
"三重県","木曽岬町",2821033
"福島県","飯舘村",282928
"長野県","川上村",282862
"山梨県","笛吹市",282669
"青森県","弘前市",2819344
"香川県","善通寺市",2819172
"山口県","山陽小野田市",2816716
"北海道","黒松内町",2816233
"北海道","江別市",2815397
"北海道","美深町",2814229
"福岡県","遠賀町",2813153
"熊本県","西原村",281924
"長崎県","佐世保市",281453
"香川県","多度津町",281390
"三重県","多気町",2809476
"広島県","竹原市",2808833
"北海道","釧路市",2808829
"埼玉県","小川町",2808737
"北海道","富良野市",2807774
"栃木県","矢板市",2807103
"愛媛県","八幡浜市",2806318
"長野県","東御市",2805704
"北海道","秩父別町",2803688
"北海道","留萌市",2803638
"北海道","今金町",2803567
"静岡県","森町",2801947
"北海道","南富良野町",2801878
"北海道","積丹町",2801790
"群馬県","片品村",2801655
"宮城県","七ヶ浜町",280944
"群馬県","藤岡市",280904
"長野県","北相木村",280901
"岩手県","矢巾町",280672
"奈良県","上北山村",280196
"岡山県","井原市",2799544
"鳥取県","鳥取市",2799281
"新潟県","柏崎市",2797867
"石川県","かほく市",2796299
"茨城県","笠間市",2794631
"茨城県","下妻市",2793440
"北海道","羽幌町",2792799
"福島県","須賀川市",2792200
"北海道","上ノ国町",2791919
"和歌山県","新宮市",2791885
"岐阜県","揖斐川町",2791793
"群馬県","大泉町",2791783
"新潟県","燕市",279952
"茨城県","小美玉市",279624
"福井県","あわら市",279487
"長野県","松川町",2789765
"奈良県","下市町",2789491
"滋賀県","高島市",2788916
"千葉県","鴨川市",2788199
"三重県","尾鷲市",2787750
"北海道","真狩村",2787309
"北海道","小平町",2786873
"北海道","上富良野町",2785573
"北海道","東川町",2784515
"宮城県","大河原町",2784427
"鹿児島県","薩摩川内市",2783970
"静岡県","牧之原市",2783437
"岡山県","鏡野町",2781344
"青森県","東通村",278874
"福岡県","宇美町",278788
"北海道","浦臼町",278505
"岐阜県","七宗町",278435
"北海道","鷹栖町",278374
"長野県","池田町",2779926
"長野県","富士見町",2779305
"埼玉県","寄居町",2779043
"奈良県","宇陀市",2778874
"長野県","辰野町",2777623
"青森県","青森市",2776879
"千葉県","横芝光町",2776403
"広島県","府中市",2776257
"福島県","棚倉町",2775570
"山口県","田布施町",2775228
"埼玉県","美里町",2775187
"埼玉県","上里町",2775122
"宮崎県","日向市",2774743
"岡山県","瀬戸内市",2774699
"高知県","南国市",2774285
"佐賀県","上峰町",2773805
"鹿児島県","奄美市",2773695
"山形県","天童市",2773429
"佐賀県","江北町",2773096
"山形県","東根市",2771448
"和歌山県","田辺市",277258
"山梨県","早川町",2768130
"千葉県","八街市",2767571
"北海道","和寒町",2767286
"徳島県","石井町",2766525
"山形県","米沢市",2764625
"千葉県","長生村",2764470
"滋賀県","甲良町",2763892
"千葉県","館山市",2763528
"和歌山県","かつらぎ町",2762540
"兵庫県","丹波市",2762235
"沖縄県","南風原町",2761226
"兵庫県","宍粟市",276735
"千葉県","長柄町",2759218
"大分県","別府市",2758976
"茨城県","大洗町",2758466
"千葉県","多古町",2757435
"長野県","中野市",2756386
"石川県","加賀市",2756314
"福岡県","吉富町",2755434
"山形県","小国町",2754991
"香川県","三豊市",2754248
"北海道","滝川市",2753742
"福岡県","直方市",2753515
"北海道","剣淵町",2753184
"三重県","度会町",2753179
"千葉県","白子町",2752968
"兵庫県","淡路市",2752258
"富山県","立山町",2752127
"長野県","白馬村",2751851
"和歌山県","上富田町",2751590
"茨城県","坂東市",275819
"福島県","塙町",275134
"奈良県","吉野町",2749785
"北海道","岩内町",2749604
"富山県","小矢部市",2749283
"北海道","当別町",2749242
"青森県","十和田市",2748782
"青森県","むつ市",2748709
"大分県","宇佐市",2748443
"鹿児島県","徳之島町",2748191
"奈良県","五條市",2747364
"兵庫県","南あわじ市",2746130
"茨城県","高萩市",2746004
"香川県","綾川町",2745843
"岐阜県","郡上市",2744807
"奈良県","安堵町",2744201
"兵庫県","神河町",2744112
"愛媛県","宇和島市",2743837
"福岡県","柳川市",2743663
"秋田県","にかほ市",2743514
"沖縄県","石垣市",2739624
"宮城県","東松島市",2739617
"愛知県","設楽町",2738465
"宮城県","大崎市",2737824
"北海道","深川市",2737313
"富山県","入善町",2737252
"北海道","岩見沢市",2737046
"大分県","日出町",2735741
"福島県","新地町",2735680
"岡山県","玉野市",2735369
"福井県","若狭町",2734584
"茨城県","茨城町",2733137
"岡山県","赤磐市",2732267
"京都府","南丹市",2731979
"香川県","さぬき市",2729714
"香川県","琴平町",2728918
"千葉県","山武市",2728915
"和歌山県","湯浅町",2728796
"北海道","伊達市",2728431
"茨城県","桜川市",2725801
"北海道","由仁町",2723716
"三重県","南伊勢町",2723683
"神奈川県","箱根町",2723352
"茨城県","稲敷市",2722267
"広島県","江田島市",2722121
"栃木県","益子町",2721873
"宮崎県","諸塚村",2721841
"福島県","本宮市",2721739
"岩手県","滝沢市",2719928
"長崎県","新上五島町",2719112
"福島県","磐梯町",2718884
"福岡県","筑前町",2718787
"長野県","小諸市",2718150
"広島県","三次市",2717720
"福岡県","大牟田市",2717091
"茨城県","鉾田市",2715244
"長崎県","佐々町",2713763
"沖縄県","恩納村",2712898
"兵庫県","市川町",2712771
"佐賀県","唐津市",2712739
"福島県","鏡石町",2711542
"福岡県","水巻町",2711033
"岡山県","笠岡市",271507
"和歌山県","日高川町",271478
"宮城県","塩竈市",2709949
"富山県","上市町",2708490
"長野県","南相木村",2708477
"熊本県","玉名市",2707400
"岩手県","久慈市",2707157
"愛媛県","上島町",2707081
"栃木県","那須烏山市",2706722
"埼玉県","ときがわ町",2706449
"滋賀県","豊郷町",2706341
"兵庫県","多可町",2705250
"岡山県","浅口市",2705205
"長野県","大町市",2704070
"島根県","西ノ島町",2704029
"長野県","高山村",2703718
"徳島県","板野町",2703612
"大阪府","千早赤阪村",2703378
"佐賀県","小城市",2703296
"和歌山県","高野町",2702912
"三重県","大台町",2702300
"岩手県","大船渡市",270670
"奈良県","黒滝村",270623
"北海道","奈井江町",2699391
"岩手県","釜石市",2698828
"北海道","乙部町",2698192
"鹿児島県","鹿屋市",2697595
"広島県","大崎上島町",2697193
"熊本県","宇土市",2696464
"青森県","横浜町",2696172
"茨城県","利根町",2695807
"島根県","浜田市",2695157
"兵庫県","朝来市",2693723
"長野県","上松町",2693423
"佐賀県","伊万里市",2692763
"佐賀県","武雄市",2692378
"愛知県","豊根村",2691930
"高知県","四万十市",2691789
"岐阜県","下呂市",2691460
"新潟県","新発田市",2691265
"京都府","宮津市",2691225
"栃木県","日光市",269792
"佐賀県","神埼市",269640
"北海道","赤井川村",269345
"宮崎県","延岡市",2688288
"北海道","美唄市",2688192
"北海道","栗山町",2688124
"長野県","青木村",2687550
"富山県","朝日町",2686418
"京都府","和束町",2685773
"宮城県","柴田町",2685674
"福井県","越前町",2685013
"山形県","酒田市",2684128
"山梨県","市川三郷町",2684010
"兵庫県","豊岡市",2682906
"北海道","登別市",2681445
"岡山県","吉備中央町",2681208
"長野県","小海町",268330
"群馬県","中之条町",2679978
"京都府","綾部市",2679246
"北海道","月形町",2678911
"沖縄県","西原町",2678292
"山形県","寒河江市",2677700
"岐阜県","飛騨市",2677286
"北海道","石狩市",2677150
"長野県","佐久穂町",2677111
"和歌山県","広川町",2676983
"岡山県","高梁市",2676236
"佐賀県","みやき町",2676022
"北海道","長万部町",2675803
"山口県","平生町",2675340
"熊本県","八代市",2675000
"山口県","長門市",2673547
"愛媛県","伊予市",2673483
"福岡県","朝倉市",2672332
"沖縄県","読谷村",2671401
"千葉県","九十九里町",2671308
"鹿児島県","南種子町",2671231
"静岡県","伊東市",2671226
"茨城県","河内町",2671223
"宮城県","気仙沼市",267920
"福島県","中島村",267713
"香川県","東かがわ市",2669693
"岩手県","金ケ崎町",2669100
"三重県","御浜町",2669092
"北海道","様似町",2668609
"新潟県","糸魚川市",2667886
"北海道","増毛町",2667271
"福岡県","田川市",2666830
"長野県","喬木村",2666426
"和歌山県","九度山町",2666189
"福島県","矢吹町",2665183
"福岡県","豊前市",2664673
"石川県","七尾市",2663928
"高知県","宿毛市",2663593
"北海道","釧路町",2663557
"宮城県","亘理町",2663447
"茨城県","常陸大宮市",2663330
"福島県","湯川村",2663068
"香川県","まんのう町",2662984
"石川県","宝達志水町",2662708
"岡山県","勝央町",2661543
"福島県","矢祭町",2661324
"沖縄県","与那原町",2661310
"兵庫県","佐用町",266783
"宮崎県","都城市",2659931
"福岡県","大刀洗町",2659786
"鹿児島県","姶良市",2659681
"福岡県","広川町",2658672
"岩手県","奥州市",2658338
"千葉県","鋸南町",2658215
"島根県","安来市",2657890
"千葉県","睦沢町",2657601
"福井県","南越前町",2657371
"群馬県","甘楽町",2656821
"長野県","麻績村",2656336
"北海道","比布町",2655728
"福岡県","大木町",2655417
"青森県","おいらせ町",2654278
"埼玉県","皆野町",2654218
"高知県","馬路村",2653919
"長野県","飯綱町",2653834
"長野県","朝日村",2653568
"高知県","いの町",2653060
"福島県","二本松市",2652605
"山形県","長井市",2651230
"福井県","大野市",265758
"愛媛県","砥部町",2648566
"大分県","由布市",2648360
"奈良県","川上村",2648250
"石川県","羽咋市",2648032
"三重県","鳥羽市",2647619
"栃木県","那須町",2646890
"島根県","益田市",2646459
"千葉県","勝浦市",2645324
"東京都","檜原村",2644711
"長野県","南木曽町",2644559
"広島県","安芸太田町",2644367
"島根県","海士町",2644291
"鹿児島県","瀬戸内町",2644007
"北海道","壮瞥町",2642509
"宮崎県","椎葉村",2642382
"広島県","北広島町",2642347
"山形県","鶴岡市",2641463
"長野県","王滝村",2641376
"宮城県","大衡村",264686
"大分県","佐伯市",264631
"広島県","安芸高田市",264403
"福島県","葛尾村",26464
"千葉県","いすみ市",2638305
"福岡県","八女市",2637984
"新潟県","小千谷市",2637944
"兵庫県","香美町",2637674
"大阪府","能勢町",2637508
"兵庫県","養父市",2637507
"長野県","立科町",2636937
"長崎県","川棚町",2636465
"福岡県","大川市",2636351
"徳島県","吉野川市",2634538
"愛媛県","大洲市",2634413
"和歌山県","紀美野町",2634022
"宮城県","南三陸町",2633964
"岡山県","備前市",2633050
"宮城県","松島町",2632545
"富山県","南砺市",2632376
"熊本県","人吉市",263334
"鳥取県","境港市",263333
"長野県","木曽町",2629783
"徳島県","上板町",2628739
"新潟県","妙高市",2628271
"和歌山県","印南町",2627231
"秋田県","横手市",2626327
"福島県","浅川町",2626033
"鳥取県","倉吉市",2625472
"京都府","笠置町",2624593
"宮城県","角田市",2624573
"北海道","洞爺湖町",2624502
"京都府","南山城村",2624490
"長野県","大桑村",2624184
"福岡県","中間市",2623498
"福井県","勝山市",2623497
"福島県","泉崎村",2622779
"岩手県","花巻市",2622060
"福岡県","上毛町",2621874
"福島県","天栄村",2621753
"宮崎県","西米良村",2621680
"佐賀県","白石町",2621309
"北海道","愛別町",2621068
"福島県","川俣町",262377
"埼玉県","神川町",2619083
"北海道","余市町",2618584
"北海道","せたな町",2618334
"栃木県","塩谷町",2617365
"山口県","萩市",2617113
"徳島県","阿波市",2616316
"石川県","穴水町",2615157
"山形県","大石田町",2614338
"鹿児島県","知名町",2614316
"長野県","大鹿村",2614239
"和歌山県","由良町",2614114
"北海道","北斗市",2614067
"福島県","伊達市",2613610
"静岡県","下田市",2611277
"青森県","平内町",261359
"三重県","熊野市",2608900
"島根県","知夫村",2608847
"山形県","河北町",2608400
"新潟県","粟島浦村",2608250
"青森県","六戸町",2608177
"徳島県","美馬市",2608083
"山形県","村山市",2607663
"宮崎県","三股町",2607585
"北海道","占冠村",2606096
"岡山県","新見市",2605399
"岩手県","野田村",2604466
"福島県","大玉村",2603973
"愛媛県","愛南町",2603400
"富山県","氷見市",2603074
"三重県","紀宝町",2602913
"鹿児島県","和泊町",2602334
"熊本県","荒尾市",2601504
"徳島県","勝浦町",2601471
"岩手県","宮古市",260782
"宮城県","美里町",260635
"福岡県","みやま市",260291
"鹿児島県","さつま町",2599908
"茨城県","城里町",2599720
"高知県","須崎市",2598883
"長野県","豊丘村",2598632
"山梨県","丹波山村",2598309
"群馬県","東吾妻町",2598266
"高知県","香南市",2597293
"沖縄県","八重瀬町",2596967
"長崎県","五島市",2596534
"高知県","香美市",2596022
"福岡県","宮若市",2594569
"愛媛県","西予市",2594516
"秋田県","能代市",2594054
"福島県","会津坂下町",2593511
"兵庫県","新温泉町",2593462
"福島県","三春町",2593247
"山梨県","南部町",2592543
"鹿児島県","大崎町",2591488
"山形県","山辺町",2591211
"長野県","泰阜村",2591154
"福岡県","築上町",2591047
"山形県","尾花沢市",259939
"熊本県","菊池市",2589349
"山形県","三川町",2588913
"岩手県","紫波町",2588663
"福島県","田村市",2588224
"広島県","世羅町",2587333
"岡山県","和気町",2584875
"沖縄県","名護市",2584866
"長野県","野沢温泉村",2584856
"長野県","木祖村",2583708
"石川県","中能登町",2583271
"高知県","東洋町",2583126
"新潟県","聖籠町",2582878
"千葉県","御宿町",2582849
"福島県","南会津町",2582260
"千葉県","長南町",2581882
"秋田県","由利本荘市",2581525
"三重県","紀北町",2581463
"長野県","長和町",2581414
"新潟県","見附市",2581380
"北海道","小樽市",2581316
"北海道","七飯町",2581045
"鳥取県","伯耆町",258654
"静岡県","伊豆市",258210
"福島県","小野町",258129
"長野県","信濃町",2579792
"徳島県","三好市",2579531
"福島県","只見町",2579189
"島根県","雲南市",2579066
"福島県","古殿町",2578684
"山口県","上関町",2578148
"栃木県","茂木町",2577258
"石川県","志賀町",2576789
"島根県","江津市",2576396
"熊本県","宇城市",2576274
"福岡県","鞍手町",2575490
"北海道","当麻町",2575152
"北海道","知内町",2575009
"宮城県","加美町",2574823
"京都府","与謝野町",2574623
"千葉県","大多喜町",2574027
"岩手県","一関市",2573774
"宮城県","白石市",2573355
"宮城県","登米市",2572736
"秋田県","大館市",2572644
"岡山県","真庭市",2572312
"秋田県","小坂町",2572041
"佐賀県","玄海町",257874
"大分県","日田市",2569195
"福島県","国見町",2568911
"山口県","美祢市",2568666
"徳島県","東みよし町",2568653
"三重県","志摩市",2568148
"広島県","庄原市",2567312
"奈良県","曽爾村",2566438
"佐賀県","嬉野市",2566366
"愛媛県","伊方町",2566224
"新潟県","南魚沼市",2565971
"鹿児島県","枕崎市",2565866
"岡山県","矢掛町",2565126
"京都府","京丹後市",2565109
"沖縄県","うるま市",2564544
"山形県","最上町",2564171
"岐阜県","白川町",2564078
"栃木県","那珂川町",2563338
"長崎県","壱岐市",2562713
"奈良県","山添村",2562642
"岡山県","美咲町",2562134
"長野県","下條村",2561059
"沖縄県","多良間村",256725
"静岡県","河津町",256540
"熊本県","苓北町",256531
"大分県","豊後高田市",256266
"長野県","中川村",256160
"鹿児島県","西之表市",2559565
"岐阜県","東白川村",2559439
"石川県","能登町",2559117
"新潟県","湯沢町",2558249
"鹿児島県","屋久島町",2557396
"宮崎県","日南市",2557350
"福岡県","うきは市",2556988
"山形県","中山町",2556899
"宮城県","栗原市",2556306
"島根県","邑南町",2556195
"愛媛県","鬼北町",2555821
"三重県","大紀町",2555741
"島根県","大田市",2555739
"熊本県","阿蘇市",2555449
"福島県","桑折町",2554363
"高知県","土佐市",2554224
"福島県","石川町",2553907
"香川県","土庄町",2553801
"熊本県","南阿蘇村",2553684
"岩手県","大槌町",2553640
"新潟県","胎内市",2553530
"北海道","喜茂別町",2553477
"鹿児島県","日置市",2552552
"熊本県","上天草市",2552109
"福島県","三島町",2551750
"山梨県","身延町",2551339
"埼玉県","小鹿野町",2551277
"長野県","木島平村",255405
"宮城県","村田町",2549515
"沖縄県","糸満市",2548973
"秋田県","大仙市",2548550
"熊本県","天草市",2548452
"熊本県","水俣市",2547267
"岡山県","奈義町",2546612
"北海道","豊浦町",2544913
"宮崎県","高鍋町",2544579
"青森県","野辺地町",2543819
"佐賀県","鹿島市",2542932
"大分県","臼杵市",2542715
"福岡県","桂川町",2542260
"福島県","喜多方市",2542041
"宮城県","蔵王町",2541243
"沖縄県","座間味村",254805
"岡山県","新庄村",2539844
"群馬県","下仁田町",2539761
"沖縄県","久米島町",2539218
"群馬県","川場村",2538490
"福島県","鮫川村",2537366
"千葉県","南房総市",2537166
"奈良県","天川村",2535930
"熊本県","南小国町",2535837
"香川県","小豆島町",2534458
"奈良県","下北山村",2534378
"長崎県","島原市",2534281
"熊本県","長洲町",2533502
"沖縄県","渡名喜村",2531861
"福岡県","みやこ町",2531810
"鹿児島県","垂水市",2531605
"愛知県","東栄町",253927
"福島県","平田村",2529947
"沖縄県","東村",2529914
"岩手県","陸前高田市",2528583
"大分県","玖珠町",2527472
"山形県","鮭川村",2527172
"愛媛県","久万高原町",2527023
"長野県","飯山市",2526284
"福島県","下郷町",2525469
"鹿児島県","出水市",2525249
"鹿児島県","いちき串木野市",2525003
"佐賀県","太良町",2524965
"鹿児島県","中種子町",2523802
"新潟県","弥彦村",2523601
"宮崎県","高千穂町",2523601
"沖縄県","渡嘉敷村",2522147
"熊本県","御船町",2521977
"徳島県","つるぎ町",2521260
"山形県","高畠町",252234
"島根県","川本町",2517982
"島根県","吉賀町",2517445
"福島県","猪苗代町",2516827
"岩手県","山田町",2515787
"北海道","上川町",2514658
"福岡県","小竹町",2513527
"山形県","飯豊町",2513197
"青森県","外ヶ浜町",2513180
"青森県","五所川原市",2513055
"青森県","七戸町",2512698
"岡山県","西粟倉村",2512497
"和歌山県","白浜町",2512283
"徳島県","美波町",2511542
"長野県","阿南町",2511261
"福島県","玉川村",2511106
"新潟県","加茂市",251286
"高知県","佐川町",2509851
"岡山県","久米南町",2509773
"佐賀県","大町町",2509144
"宮城県","山元町",2508710
"福岡県","香春町",2508699
"長野県","阿智村",2508587
"北海道","木古内町",2507615
"長崎県","平戸市",2507579
"愛媛県","内子町",2506918
"青森県","階上町",2506706
"静岡県","川根本町",2505701
"鹿児島県","志布志市",2504942
"宮崎県","五ヶ瀬町",2504763
"新潟県","魚沼市",2504610
"岩手県","西和賀町",2504420
"山口県","周防大島町",2504240
"群馬県","高山村",2504001
"岡山県","美作市",2503815
"京都府","京丹波町",2502953
"宮崎県","小林市",250995
"北海道","森町",2499764
"新潟県","五泉市",2499262
"秋田県","井川町",2498744
"高知県","檮原町",2498576
"鳥取県","湯梨浜町",2496767
"宮城県","大郷町",2496030
"山形県","上山市",2494403
"鹿児島県","喜界町",2494190
"山形県","大江町",2493961
"和歌山県","那智勝浦町",2492892
"高知県","中土佐町",2492373
"宮崎県","川南町",2492281
"群馬県","みなかみ町",2492183
"青森県","東北町",2491293
"和歌山県","すさみ町",249183
"沖縄県","金武町",249178
"静岡県","東伊豆町",2489259
"福島県","檜枝岐村",2487849
"沖縄県","南城市",2487097
"新潟県","阿賀野市",2484720
"福岡県","糸田町",2483798
"新潟県","村上市",2482246
"沖縄県","伊平屋村",2481969
"熊本県","多良木町",2481294
"秋田県","潟上市",2481055
"大分県","豊後大野市",2479273
"北海道","白老町",2478071
"宮城県","色麻町",2477570
"岩手県","二戸市",2477031
"和歌山県","串本町",2476508
"新潟県","関川村",2475447
"佐賀県","多久市",2475258
"長野県","平谷村",2474828
"長野県","小谷村",2474331
"福島県","会津美里町",2474091
"鹿児島県","龍郷町",2473888
"福井県","池田町",2473875
"新潟県","佐渡市",2472993
"熊本県","山鹿市",2471369
"岩手県","洋野町",2471099
"山形県","川西町",247632
"秋田県","八郎潟町",2471
"山形県","舟形町",2469651
"鳥取県","岩美町",2469418
"島根県","美郷町",2468958
"熊本県","氷川町",2468312
"北海道","白糠町",2468256
"熊本県","玉東町",2468141
"高知県","奈半利町",2467952
"福岡県","大任町",2467590
"北海道","赤平市",2467176
"奈良県","東吉野村",2465700
"高知県","田野町",2465108
"沖縄県","伊江村",2463869
"長野県","栄村",2463828
"鹿児島県","長島町",2462174
"長野県","筑北村",2462090
"徳島県","佐那河内村",246848
"鳥取県","南部町",2459793
"鳥取県","大山町",2459236
"宮崎県","新富町",2459100
"石川県","珠洲市",2458428
"長野県","小川村",2457303
"宮崎県","えびの市",2456344
"山形県","西川町",2455132
"福岡県","福智町",2454352
"岩手県","八幡平市",2453593
"青森県","五戸町",2452383
"新潟県","十日町市",2451972
"高知県","仁淀川町",2451803
"山形県","白鷹町",2451346
"鹿児島県","東串良町",245521
"秋田県","北秋田市",2449886
"大分県","杵築市",2449881
"岩手県","雫石町",2449571
"高知県","本山町",2449076
"福岡県","添田町",2448022
"岩手県","岩手町",2446354
"岩手県","平泉町",2445602
"鹿児島県","与論町",2445460
"熊本県","高森町",2444366
"宮崎県","串間市",2444039
"宮城県","丸森町",2443336
"島根県","奥出雲町",2442322
"北海道","古平町",2441473
"長崎県","小値賀町",2439878
"高知県","越知町",2439757
"高知県","安芸市",2439626
"鹿児島県","南さつま市",2439617
"静岡県","松崎町",2439038
"群馬県","草津町",2437341
"鹿児島県","指宿市",2437299
"福島県","金山町",2437253
"高知県","土佐清水市",2436678
"和歌山県","古座川町",2436393
"鹿児島県","肝付町",2436181
"鳥取県","北栄町",2435011
"長崎県","松浦市",2434965
"高知県","津野町",2434600
"大分県","竹田市",2433976
"鹿児島県","伊佐市",2433889
"新潟県","田上町",243697
"岩手県","遠野市",24328
"沖縄県","竹富町",2429572
"長野県","生坂村",2427699
"和歌山県","太地町",2423082
"広島県","神石高原町",2421181
"山形県","真室川町",2421011
"埼玉県","東秩父村",242715
"宮崎県","門川町",242476
"新潟県","津南町",2419701
"茨城県","大子町",2419502
"福岡県","赤村",2417412
"静岡県","西伊豆町",2417064
"佐賀県","有田町",2416857
"熊本県","和水町",2416018
"宮城県","涌谷町",2415229
"鳥取県","日南町",2414982
"北海道","芦別市",2414073
"青森県","中泊町",2413691
"鹿児島県","南九州市",2412707
"鳥取県","江府町",241948
"宮崎県","都農町",2409380
"秋田県","仙北市",2409309
"秋田県","五城目町",2409275
"北海道","鹿部町",2407966
"山形県","庄内町",2407294
"静岡県","南伊豆町",2406779
"新潟県","出雲崎町",2406619
"石川県","輪島市",2406139
"高知県","四万十町",2405686
"秋田県","男鹿市",2404422
"鳥取県","琴浦町",2403954
"秋田県","鹿角市",2403785
"熊本県","小国町",2402425
"長崎県","西海市",240574
"山形県","朝日町",2398740
"鳥取県","八頭町",2398039
"長崎県","雲仙市",2397822
"徳島県","牟岐町",2396392
"秋田県","三種町",2396150
"秋田県","湯沢市",2394195
"高知県","大月町",2394053
"福岡県","嘉麻市",2393987
"大分県","国東市",2391755
"青森県","南部町",2391666
"岩手県","住田町",2391384
"鹿児島県","錦江町",2389767
"福島県","柳津町",2389752
"熊本県","南関町",2388817
"大分県","九重町",2388181
"宮城県","川崎町",2387792
"青森県","佐井村",2386116
"山形県","金山町",2385577
"長野県","山ノ内町",2381914
"長野県","天龍村",2381363
"岩手県","軽米町",238657
"長崎県","東彼杵町",2379344
"岩手県","岩泉町",2378469
"熊本県","山都町",2378378
"北海道","三笠市",2376266
"鹿児島県","天城町",2376011
"熊本県","産山村",2372218
"島根県","飯南町",237933
"福岡県","川崎町",237672
"鹿児島県","湧水町",237633
"熊本県","あさぎり町",2369832
"宮城県","七ヶ宿町",2368763
"鹿児島県","阿久根市",2367913
"鳥取県","日野町",2367804
"高知県","黒潮町",2366597
"秋田県","羽後町",2366262
"秋田県","美郷町",2365650
"京都府","伊根町",2364933
"山形県","遊佐町",2363331
"宮崎県","西都市",2363320
"熊本県","甲佐町",236916
"宮崎県","高原町",236153
"青森県","田子町",2359908
"青森県","鰺ヶ沢町",2358576
"岩手県","一戸町",2358376
"岩手県","田野畑村",2355961
"熊本県","錦町",2355837
"沖縄県","伊是名村",2354573
"熊本県","芦北町",2352954
"鳥取県","智頭町",2352222
"宮崎県","国富町",2351976
"青森県","藤崎町",2351870
"熊本県","美里町",2351409
"福島県","北塩原村",2349577
"新潟県","阿賀町",2345342
"高知県","芸西村",2344966
"高知県","土佐町",2342073
"鹿児島県","曽於市",2342044
"山形県","大蔵村",2341985
"青森県","鶴田町",2341846
"青森県","つがる市",2339110
"福島県","西会津町",2337323
"高知県","室戸市",2337231
"岩手県","葛巻町",2335935
"長崎県","南島原市",2335485
"鳥取県","若桜町",2334949
"徳島県","海陽町",2334168
"宮崎県","日之影町",2332121
"宮崎県","美郷町",2331344
"福島県","昭和村",233133
"徳島県","上勝町",233113
"沖縄県","宜野座村",2329476
"青森県","三戸町",2326360
"沖縄県","本部町",2322022
"秋田県","八峰町",232403
"熊本県","相良村",2319519
"島根県","津和野町",2317641
"熊本県","水上村",2317416
"群馬県","神流町",2316271
"沖縄県","今帰仁村",2312907
"福岡県","東峰村",2311592
"沖縄県","粟国村",231925
"青森県","蓬田村",2308444
"青森県","平川市",2308271
"大分県","姫島村",2303117
"熊本県","五木村",230330
"宮崎県","綾町",2299570
"岩手県","普代村",2295427
"鹿児島県","南大隅町",2295081
"青森県","今別町",2292055
"青森県","黒石市",229262
"高知県","日高村",2289912
"長崎県","波佐見町",2287441
"徳島県","神山町",2287100
"奈良県","御杖村",2287052
"鳥取県","三朝町",2285623
"青森県","風間浦村",2282352
"青森県","新郷村",2282331
"宮崎県","木城町",2272196
"愛媛県","松野町",227490
"山形県","戸沢村",2269777
"鹿児島県","大和村",2269168
"北海道","歌志内市",2265285
"岩手県","九戸村",2261237
"沖縄県","国頭村",226980
"青森県","板柳町",226513
"青森県","田舎館村",226445
"鹿児島県","伊仙町",2259248
"長野県","売木村",2257844
"長野県","根羽村",2248871
"熊本県","津奈木町",2239972
"北海道","夕張市",2235172
"北海道","上砂川町",2231786
"熊本県","山江村",2227565
"山口県","阿武町",2224625
"高知県","三原村",2216977
"群馬県","上野村",2213893
"群馬県","南牧村",2209539
"秋田県","藤里町",2193779
"高知県","安田町",2181584
"青森県","深浦町",2178274
"熊本県","湯前町",2176968
"秋田県","東成瀬村",217294
"高知県","大豊町",2167882
"沖縄県","大宜味村",216371
"青森県","西目屋村",2154292
"青森県","大鰐町",2137981
"熊本県","球磨村",2131422
"秋田県","上小阿仁村",2118510
